,folds,test_auc,val_auc,test_acc,val_acc
0,0,0.7777777777777777,0.69,0.6666666666666667,0.7
